[{"deliveryUrl":"https://assets-us-01.kc-usercontent.com:443/be4a893e-e87c-00e3-c66a-203a876e058a/961d5147-0c5a-4d6d-90e7-a34bfe7d7264/create-even-more.svg","fileName":"create-even-more.svg","id":"3451fd3f-724d-4098-a083-1d229d3cc95d","type":"image/svg+xml","description":null,"size":9003,"zipFilePath":"assets/345/3451fd3f-724d-4098-a083-1d229d3cc95d/create-even-more.svg","title":"create-even-more.svg"},{"deliveryUrl":"https://assets-us-01.kc-usercontent.com:443/be4a893e-e87c-00e3-c66a-203a876e058a/3c7996df-1875-46dc-abbb-7b6e024ed32b/kentico-cloud.png","fileName":"kentico-cloud.png","id":"7fd4c512-da19-442a-a6ab-a9404213ed80","type":"image/png","description":null,"size":6845,"zipFilePath":"assets/7fd/7fd4c512-da19-442a-a6ab-a9404213ed80/kentico-cloud.png","title":"kentico-cloud.png"},{"deliveryUrl":"https://assets-us-01.kc-usercontent.com:443/be4a893e-e87c-00e3-c66a-203a876e058a/ddb3da3e-b804-49fc-99cf-fb6d78791bf1/develop-with-ease.svg","fileName":"develop-with-ease.svg","id":"473edad4-091c-490f-9707-033ced08ae50","type":"image/svg+xml","description":null,"size":8070,"zipFilePath":"assets/473/473edad4-091c-490f-9707-033ced08ae50/develop-with-ease.svg","title":"develop-with-ease.svg"},{"deliveryUrl":"https://assets-us-01.kc-usercontent.com:443/be4a893e-e87c-00e3-c66a-203a876e058a/65771032-8544-44a1-bcec-da9e9abbb203/integrate-with-existing.svg","fileName":"integrate-with-existing.svg","id":"bdeece9b-d1b7-400e-9bf5-a783b9e28609","type":"image/svg+xml","description":null,"size":2773,"zipFilePath":"assets/bde/bdeece9b-d1b7-400e-9bf5-a783b9e28609/integrate-with-existing.svg","title":"integrate-with-existing.svg"}]