[{"id":"30eb2aa7-2765-4fa5-a3f3-7182d0c441c3","file_name":"kentico-kontent.png","title":null,"size":4992,"type":"image/png","url":"https://assets-us-01.kc-usercontent.com/be4a893e-e87c-00e3-c66a-203a876e058a/c69c7b12-1387-4219-894d-d85e5d45939a/kentico-kontent.png","image_width":256,"image_height":256,"file_reference":{"id":"c69c7b12-1387-4219-894d-d85e5d45939a","type":"internal"},"descriptions":[{"language":{"id":"00000000-0000-0000-0000-000000000000"},"description":null}],"last_modified":"2019-10-31T12:46:54.8514212Z"},{"folder":{"id":"42ae8983-23d8-4410-87b3-f0b3acc3f5a0"},"id":"695e1731-434b-46d6-b36b-bb8048afa058","file_name":"create-even-more.svg","title":null,"size":9003,"type":"image/svg+xml","url":"https://assets-us-01.kc-usercontent.com/be4a893e-e87c-00e3-c66a-203a876e058a/961d5147-0c5a-4d6d-90e7-a34bfe7d7264/create-even-more.svg","image_width":null,"image_height":null,"file_reference":{"id":"961d5147-0c5a-4d6d-90e7-a34bfe7d7264","type":"internal"},"descriptions":[{"language":{"id":"00000000-0000-0000-0000-000000000000"},"description":null}],"last_modified":"2019-05-10T09:56:45.964804Z"},{"folder":{"id":"42ae8983-23d8-4410-87b3-f0b3acc3f5a0"},"id":"a1036ec9-f927-43f5-a15d-c0a9d2b0179b","file_name":"integrate-with-existing.svg","title":null,"size":2773,"type":"image/svg+xml","url":"https://assets-us-01.kc-usercontent.com/be4a893e-e87c-00e3-c66a-203a876e058a/65771032-8544-44a1-bcec-da9e9abbb203/integrate-with-existing.svg","image_width":null,"image_height":null,"file_reference":{"id":"65771032-8544-44a1-bcec-da9e9abbb203","type":"internal"},"descriptions":[{"language":{"id":"00000000-0000-0000-0000-000000000000"},"description":null}],"last_modified":"2019-05-10T09:56:45.9022535Z"},{"folder":{"id":"42ae8983-23d8-4410-87b3-f0b3acc3f5a0"},"id":"abdba8b2-8c43-479b-87df-fb173b87740a","file_name":"develop-with-ease.svg","title":null,"size":8070,"type":"image/svg+xml","url":"https://assets-us-01.kc-usercontent.com/be4a893e-e87c-00e3-c66a-203a876e058a/ddb3da3e-b804-49fc-99cf-fb6d78791bf1/develop-with-ease.svg","image_width":null,"image_height":null,"file_reference":{"id":"ddb3da3e-b804-49fc-99cf-fb6d78791bf1","type":"internal"},"descriptions":[{"language":{"id":"00000000-0000-0000-0000-000000000000"},"description":null}],"last_modified":"2019-05-10T09:56:20.9167568Z"},{"id":"b825dfaf-2964-4d9d-9f39-af8232b5d135","file_name":"powered-by-kc_negative@1x.png","title":null,"size":3051,"type":"image/png","url":"https://assets-us-01.kc-usercontent.com/be4a893e-e87c-00e3-c66a-203a876e058a/afc18fb1-684b-4a4a-8547-f2950935494d/powered-by-kc_negative@1x.png","image_width":220,"image_height":46,"file_reference":{"id":"afc18fb1-684b-4a4a-8547-f2950935494d","type":"internal"},"descriptions":[{"language":{"id":"00000000-0000-0000-0000-000000000000"},"description":null}],"last_modified":"2019-05-10T13:14:04.7058984Z"},{"id":"ca5bd1b9-aec9-42cc-9e61-ea2d1e4ca635","file_name":"kentico-cloud.png","title":null,"size":6845,"type":"image/png","url":"https://assets-us-01.kc-usercontent.com/be4a893e-e87c-00e3-c66a-203a876e058a/3c7996df-1875-46dc-abbb-7b6e024ed32b/kentico-cloud.png","image_width":180,"image_height":180,"file_reference":{"id":"3c7996df-1875-46dc-abbb-7b6e024ed32b","type":"internal"},"descriptions":[{"language":{"id":"00000000-0000-0000-0000-000000000000"},"description":null}],"last_modified":"2019-05-03T11:10:18.2258949Z"},{"id":"d66cbfd4-fe19-4a11-b62c-7d9e783ecdbe","file_name":"powered-by-kc@1x.png","title":null,"size":3035,"type":"image/png","url":"https://assets-us-01.kc-usercontent.com/be4a893e-e87c-00e3-c66a-203a876e058a/5b499c53-b898-4940-80a6-4f6b759e96ee/powered-by-kc@1x.png","image_width":220,"image_height":46,"file_reference":{"id":"5b499c53-b898-4940-80a6-4f6b759e96ee","type":"internal"},"descriptions":[{"language":{"id":"00000000-0000-0000-0000-000000000000"},"description":null}],"last_modified":"2019-05-10T13:14:04.7058984Z"}]