[{"deliveryUrl":"https://assets-us-01.kc-usercontent.com:443/be4a893e-e87c-00e3-c66a-203a876e058a/961d5147-0c5a-4d6d-90e7-a34bfe7d7264/create-even-more.svg","fileName":"create-even-more.svg","id":"8cbe4a6a-c2b1-42d2-a3b0-83e5cb04b13e","type":"image/svg+xml","description":null,"size":9003,"zipFilePath":"assets/8cb/8cbe4a6a-c2b1-42d2-a3b0-83e5cb04b13e/create-even-more.svg","title":"create-even-more.svg"},{"deliveryUrl":"https://assets-us-01.kc-usercontent.com:443/be4a893e-e87c-00e3-c66a-203a876e058a/c69c7b12-1387-4219-894d-d85e5d45939a/kentico-kontent.png","fileName":"kentico-kontent.png","id":"8425ec79-1b1d-4f5e-ac05-b9f7ee896686","type":"image/png","description":null,"size":4992,"zipFilePath":"assets/842/8425ec79-1b1d-4f5e-ac05-b9f7ee896686/kentico-kontent.png","title":"kentico-kontent.png"},{"deliveryUrl":"https://assets-us-01.kc-usercontent.com:443/be4a893e-e87c-00e3-c66a-203a876e058a/ddb3da3e-b804-49fc-99cf-fb6d78791bf1/develop-with-ease.svg","fileName":"develop-with-ease.svg","id":"91aa859f-0eca-4134-b4a8-e6371af43c60","type":"image/svg+xml","description":null,"size":8070,"zipFilePath":"assets/91a/91aa859f-0eca-4134-b4a8-e6371af43c60/develop-with-ease.svg","title":"develop-with-ease.svg"},{"deliveryUrl":"https://assets-us-01.kc-usercontent.com:443/be4a893e-e87c-00e3-c66a-203a876e058a/65771032-8544-44a1-bcec-da9e9abbb203/integrate-with-existing.svg","fileName":"integrate-with-existing.svg","id":"dca3cca3-603e-4e01-9af3-6255ba01cb47","type":"image/svg+xml","description":null,"size":2773,"zipFilePath":"assets/dca/dca3cca3-603e-4e01-9af3-6255ba01cb47/integrate-with-existing.svg","title":"integrate-with-existing.svg"}]