[{"deliveryUrl":"https://assets-us-01.kc-usercontent.com:443/be4a893e-e87c-00e3-c66a-203a876e058a/961d5147-0c5a-4d6d-90e7-a34bfe7d7264/create-even-more.svg","fileName":"create-even-more.svg","id":"f0d20488-be3c-48d8-b6a3-13567d00f297","type":"image/svg+xml","description":null,"size":9003,"zipFilePath":"assets/f0d/f0d20488-be3c-48d8-b6a3-13567d00f297/create-even-more.svg","title":"create-even-more.svg"},{"deliveryUrl":"https://assets-us-01.kc-usercontent.com:443/be4a893e-e87c-00e3-c66a-203a876e058a/afc18fb1-684b-4a4a-8547-f2950935494d/powered-by-kc_negative@1x.png","fileName":"b825dfaf-2964-4d9d-9f39-af8232b5d135","id":"b825dfaf-2964-4d9d-9f39-af8232b5d135","type":"image/png","description":"","size":0,"zipFilePath":"assets/b82/b825dfaf-2964-4d9d-9f39-af8232b5d135/b825dfaf-2964-4d9d-9f39-af8232b5d135","title":"b825dfaf-2964-4d9d-9f39-af8232b5d135"},{"deliveryUrl":"https://assets-us-01.kc-usercontent.com:443/be4a893e-e87c-00e3-c66a-203a876e058a/3c7996df-1875-46dc-abbb-7b6e024ed32b/kentico-cloud.png","fileName":"kentico-cloud.png","id":"b248fe21-2d9f-4b6f-947b-5a9e41cef679","type":"image/png","description":null,"size":6845,"zipFilePath":"assets/b24/b248fe21-2d9f-4b6f-947b-5a9e41cef679/kentico-cloud.png","title":"kentico-cloud.png"},{"deliveryUrl":"https://assets-us-01.kc-usercontent.com:443/be4a893e-e87c-00e3-c66a-203a876e058a/ddb3da3e-b804-49fc-99cf-fb6d78791bf1/develop-with-ease.svg","fileName":"develop-with-ease.svg","id":"625a2659-0671-4820-b446-ced648cce1f9","type":"image/svg+xml","description":null,"size":8070,"zipFilePath":"assets/625/625a2659-0671-4820-b446-ced648cce1f9/develop-with-ease.svg","title":"develop-with-ease.svg"},{"deliveryUrl":"https://assets-us-01.kc-usercontent.com:443/be4a893e-e87c-00e3-c66a-203a876e058a/65771032-8544-44a1-bcec-da9e9abbb203/integrate-with-existing.svg","fileName":"integrate-with-existing.svg","id":"63dc9c80-f07a-48a8-b701-51f954ed08ae","type":"image/svg+xml","description":null,"size":2773,"zipFilePath":"assets/63d/63dc9c80-f07a-48a8-b701-51f954ed08ae/integrate-with-existing.svg","title":"integrate-with-existing.svg"}]