[{"codename":"aenean_placerat","id":"245f35aa-26d3-4c46-9f8c-cee84fdae59b","name":"Aenean placerat","typeCodename":"blog_post"},{"codename":"bolt","id":"465eac28-8064-4865-acba-e33e5bd167d4","name":"Bolt","typeCodename":"icon"},{"codename":"calendar","id":"d28a06d7-4a37-4869-ae63-b6ab3aec2e58","name":"Calendar","typeCodename":"icon"},{"codename":"camera_retro","id":"9d6278d8-7ccb-4a43-acf5-9356487fabfc","name":"Camera retro","typeCodename":"icon"},{"codename":"code","id":"e3006c5c-25c8-4cb2-b3c6-acd3a6b26945","name":"Code","typeCodename":"icon"},{"codename":"cogwheel","id":"f5004f6b-9fc4-48f5-aca4-6ac20a3122fd","name":"Cogwheel","typeCodename":"icon"},{"codename":"contact_us_section","id":"39522030-c671-4b26-972e-86c9478fbb9c","name":"Contact us section","typeCodename":"contact_us_section"},{"codename":"cta_section","id":"033ec1fd-43de-4862-bbab-7c4a46ce7009","name":"CTA section","typeCodename":"cta_section"},{"codename":"sign_up","id":"0c2c70ed-1eb5-4e69-975d-0b4a7b1572c9","name":"Sign up","typeCodename":"button"},{"codename":"learn_more","id":"22e3da1c-7dc8-4aff-bd62-cb217ead02fa","name":"Learn more","typeCodename":"button"},{"codename":"desktop","id":"77ad55a2-898a-4dbe-9ab1-11d351885934","name":"Desktop","typeCodename":"icon"},{"codename":"developer_relations_email","id":"c7ce5b59-15ff-474c-8835-553fa9748833","name":"Developer Relations Email","typeCodename":"link_icon"},{"codename":"email","id":"0a9b54b2-b337-4505-b696-930e2fca27c5","name":"Email","typeCodename":"icon"},{"codename":"facebook","id":"29f8cf69-6038-4f20-9e57-0d26e6953f1f","name":"Facebook","typeCodename":"link_icon"},{"codename":"facebook_6d2e6e8","id":"6d2e6e8b-0849-433f-b0e8-42ed45e10c41","name":"Facebook","typeCodename":"icon"},{"codename":"features_section","id":"b8fcf086-7b93-48ba-b3e7-44e6c496f36a","name":"Features section","typeCodename":"features_section"},{"codename":"footer_section","id":"70bc27d6-0d36-4700-bced-de425bef34ba","name":"Footer section","typeCodename":"footer_section"},{"codename":"twitter","id":"64809969-807e-4aea-bd72-3cd4f3d8f970","name":"Twitter","typeCodename":"link_icon"},{"codename":"instagram","id":"836c7276-0e56-4380-bcf8-6fbeeeac5edd","name":"Instagram","typeCodename":"link_icon"},{"codename":"github","id":"7bdc0c18-9090-4841-899d-b4fa7de8ddb0","name":"GitHub","typeCodename":"link_icon"},{"codename":"github_68eae61","id":"68eae61e-7449-4e70-8205-e365bc7ac22d","name":"GitHub","typeCodename":"icon"},{"codename":"header_section","id":"16df1b14-df78-4b21-8917-89e29e883aae","name":"Header section","typeCodename":"header_section"},{"codename":"home_page","id":"6815c75c-56ac-49e0-acb5-3a2645a8479d","name":"Home page","typeCodename":"sections_page"},{"codename":"video_section","id":"f17a987e-e257-4945-a5ee-4c5fb7eacc12","name":"Video section","typeCodename":"video_section"},{"codename":"three_columns","id":"0bb1c266-fd4b-48b6-aea0-66ab64d5f452","name":"Three columns","typeCodename":"three_columns_section"},{"codename":"instagram_21824cb","id":"21824cb4-ea51-46b6-9955-b35b1aa550d0","name":"Instagram","typeCodename":"icon"},{"codename":"magna_feugiat_lorem","id":"8af13f26-050e-4e0b-81bf-1dfbab990ea7","name":"Magna feugiat lorem","typeCodename":"blog_post"},{"codename":"nullam_at_arcu_a_est_sollicitudin_euismod","id":"880fbeb2-9002-434a-9147-175523523f41","name":"Nullam at arcu a est sollicitudin euismod","typeCodename":"blog_post"},{"codename":"twitter_f7b1393","id":"f7b13930-c8e6-4201-b8ee-24e0f92633a1","name":"Twitter","typeCodename":"icon"}]