[{"id":"033ec1fd-43de-4862-bbab-7c4a46ce7009","name":"CTA section","codename":"cta_section","type":{"id":"cd212904-4098-4e3f-8ad0-a813c45d72d3"},"sitemap_locations":[],"last_modified":"2019-05-03T13:07:41.4733815Z"},{"id":"0bb1c266-fd4b-48b6-aea0-66ab64d5f452","name":"Three columns","codename":"three_columns","type":{"id":"8b27017d-5908-434a-abc0-0fd388cb5e2a"},"sitemap_locations":[],"last_modified":"2019-05-03T13:06:44.9024543Z"},{"id":"16df1b14-df78-4b21-8917-89e29e883aae","name":"Header section","codename":"header_section","type":{"id":"5d55b065-2aba-4331-8a7e-13cfbe7b88e2"},"sitemap_locations":[],"last_modified":"2019-05-03T10:57:42.3598112Z"},{"id":"39522030-c671-4b26-972e-86c9478fbb9c","name":"Contact us section","codename":"contact_us_section","type":{"id":"e86518b8-7f07-4ce3-b3c8-4a20e37e8098"},"sitemap_locations":[],"last_modified":"2019-05-03T10:57:41.5628625Z"},{"id":"6815c75c-56ac-49e0-acb5-3a2645a8479d","name":"Home page","codename":"home_page","type":{"id":"20eed1f5-2eed-428a-9fe0-47d2de3d5124"},"sitemap_locations":[],"last_modified":"2019-05-03T10:57:42.6254198Z"},{"id":"70bc27d6-0d36-4700-bced-de425bef34ba","name":"Footer section","codename":"footer_section","type":{"id":"654ee75f-1f3e-4abd-b34c-710be0f30e16"},"sitemap_locations":[],"last_modified":"2019-05-03T10:57:42.0941428Z"},{"id":"b8fcf086-7b93-48ba-b3e7-44e6c496f36a","name":"Features section","codename":"features_section","type":{"id":"12aebf0e-9b5a-40bc-9d8d-a8d23863053c"},"sitemap_locations":[],"last_modified":"2019-05-03T10:57:41.8285363Z"},{"id":"f17a987e-e257-4945-a5ee-4c5fb7eacc12","name":"Video section","codename":"video_section","type":{"id":"efc85222-f861-41db-8ee8-9e68a63653d9"},"sitemap_locations":[],"last_modified":"2019-05-03T10:57:42.8910556Z"},{"id":"e3006c5c-25c8-4cb2-b3c6-acd3a6b26945","name":"Code","codename":"code","type":{"id":"38a7688e-c918-44f6-9136-03639fac3084"},"sitemap_locations":[],"last_modified":"2019-05-10T09:23:03.0642639Z"},{"id":"465eac28-8064-4865-acba-e33e5bd167d4","name":"Bolt","codename":"bolt","type":{"id":"38a7688e-c918-44f6-9136-03639fac3084"},"sitemap_locations":[],"last_modified":"2019-05-10T09:23:56.9086171Z"},{"id":"9d6278d8-7ccb-4a43-acf5-9356487fabfc","name":"Camera retro","codename":"camera_retro","type":{"id":"38a7688e-c918-44f6-9136-03639fac3084"},"sitemap_locations":[],"last_modified":"2019-05-10T09:24:32.4322016Z"},{"id":"f5004f6b-9fc4-48f5-aca4-6ac20a3122fd","name":"Cogwheel","codename":"cogwheel","type":{"id":"38a7688e-c918-44f6-9136-03639fac3084"},"sitemap_locations":[],"last_modified":"2019-05-10T09:25:42.3738993Z"},{"id":"77ad55a2-898a-4dbe-9ab1-11d351885934","name":"Desktop","codename":"desktop","type":{"id":"38a7688e-c918-44f6-9136-03639fac3084"},"sitemap_locations":[],"last_modified":"2019-05-10T09:25:56.0259207Z"},{"id":"d28a06d7-4a37-4869-ae63-b6ab3aec2e58","name":"Calendar","codename":"calendar","type":{"id":"38a7688e-c918-44f6-9136-03639fac3084"},"sitemap_locations":[],"last_modified":"2019-05-10T09:26:45.318882Z"},{"id":"8af13f26-050e-4e0b-81bf-1dfbab990ea7","name":"Magna feugiat lorem","codename":"magna_feugiat_lorem","type":{"id":"4a89fd88-c22c-4cce-90d5-d47ec2097f4a"},"sitemap_locations":[],"last_modified":"2019-05-10T09:49:41.4737601Z"},{"id":"245f35aa-26d3-4c46-9f8c-cee84fdae59b","name":"Aenean placerat","codename":"aenean_placerat","type":{"id":"4a89fd88-c22c-4cce-90d5-d47ec2097f4a"},"sitemap_locations":[],"last_modified":"2019-05-10T09:58:32.838858Z"},{"id":"880fbeb2-9002-434a-9147-175523523f41","name":"Nullam at arcu a est sollicitudin euismod","codename":"nullam_at_arcu_a_est_sollicitudin_euismod","type":{"id":"4a89fd88-c22c-4cce-90d5-d47ec2097f4a"},"sitemap_locations":[],"last_modified":"2019-05-10T09:59:26.7893153Z"},{"id":"0c2c70ed-1eb5-4e69-975d-0b4a7b1572c9","name":"Sign up","codename":"sign_up","type":{"id":"23d0e25c-4b84-4b81-ba47-31562e0636cf"},"sitemap_locations":[],"last_modified":"2019-05-10T10:52:12.3347559Z"},{"id":"22e3da1c-7dc8-4aff-bd62-cb217ead02fa","name":"Learn more","codename":"learn_more","type":{"id":"23d0e25c-4b84-4b81-ba47-31562e0636cf"},"sitemap_locations":[],"last_modified":"2019-05-10T10:53:45.7367424Z"},{"id":"64809969-807e-4aea-bd72-3cd4f3d8f970","name":"Twitter","codename":"twitter","type":{"id":"af1368a6-9c3b-46f7-9a77-f91d7e35cf29"},"sitemap_locations":[],"last_modified":"2019-05-10T11:27:40.5500534Z"},{"id":"f7b13930-c8e6-4201-b8ee-24e0f92633a1","name":"Twitter","codename":"twitter_f7b1393","type":{"id":"38a7688e-c918-44f6-9136-03639fac3084"},"sitemap_locations":[],"last_modified":"2019-05-10T11:28:25.1925338Z"},{"id":"29f8cf69-6038-4f20-9e57-0d26e6953f1f","name":"Facebook","codename":"facebook","type":{"id":"af1368a6-9c3b-46f7-9a77-f91d7e35cf29"},"sitemap_locations":[],"last_modified":"2019-05-10T11:28:40.9965885Z"},{"id":"6d2e6e8b-0849-433f-b0e8-42ed45e10c41","name":"Facebook","codename":"facebook_6d2e6e8","type":{"id":"38a7688e-c918-44f6-9136-03639fac3084"},"sitemap_locations":[],"last_modified":"2019-05-10T11:29:01.3628086Z"},{"id":"836c7276-0e56-4380-bcf8-6fbeeeac5edd","name":"Instagram","codename":"instagram","type":{"id":"af1368a6-9c3b-46f7-9a77-f91d7e35cf29"},"sitemap_locations":[],"last_modified":"2019-05-10T11:31:05.2855678Z"},{"id":"21824cb4-ea51-46b6-9955-b35b1aa550d0","name":"Instagram","codename":"instagram_21824cb","type":{"id":"38a7688e-c918-44f6-9136-03639fac3084"},"sitemap_locations":[],"last_modified":"2019-05-10T11:31:24.1935059Z"},{"id":"7bdc0c18-9090-4841-899d-b4fa7de8ddb0","name":"GitHub","codename":"github","type":{"id":"af1368a6-9c3b-46f7-9a77-f91d7e35cf29"},"sitemap_locations":[],"last_modified":"2019-05-10T11:31:49.0403849Z"},{"id":"68eae61e-7449-4e70-8205-e365bc7ac22d","name":"GitHub","codename":"github_68eae61","type":{"id":"38a7688e-c918-44f6-9136-03639fac3084"},"sitemap_locations":[],"last_modified":"2019-05-10T11:32:04.7079339Z"},{"id":"c7ce5b59-15ff-474c-8835-553fa9748833","name":"Developer Relations Email","codename":"developer_relations_email","type":{"id":"af1368a6-9c3b-46f7-9a77-f91d7e35cf29"},"sitemap_locations":[],"last_modified":"2019-10-31T12:51:19.0694012Z"},{"id":"0a9b54b2-b337-4505-b696-930e2fca27c5","name":"Email","codename":"email","type":{"id":"38a7688e-c918-44f6-9136-03639fac3084"},"sitemap_locations":[],"last_modified":"2019-05-10T11:32:51.4331068Z"}]