[{"elements":[{"options":[],"codename":"title","name":"Title","type":"text"},{"options":[],"codename":"content","name":"Content","type":"rich_text"},{"options":[],"codename":"summary","name":"Summary","type":"text"},{"options":[],"codename":"slug","name":"Slug","type":"url_slug"},{"options":[],"codename":"image","name":"Image","type":"asset"}],"system":{"codename":"blog_post","id":"4a89fd88-c22c-4cce-90d5-d47ec2097f4a","name":"Blog post"}},{"elements":[{"options":[],"codename":"text","name":"Text","type":"text"},{"options":[],"codename":"url","name":"Url","type":"text"},{"options":[{"name":"Special","codename":"special"}],"codename":"special","name":"Special","type":"multiple_choice"}],"system":{"codename":"button","id":"23d0e25c-4b84-4b81-ba47-31562e0636cf","name":"Button"}},{"elements":[{"options":[],"codename":"primary_text","name":"Primary text","type":"text"},{"options":[],"codename":"secondary_text","name":"Secondary text","type":"text"},{"options":[],"codename":"message_label","name":"Message label","type":"text"},{"options":[],"codename":"text","name":"Text","type":"text"},{"options":[],"codename":"name_label","name":"Name label","type":"text"},{"options":[],"codename":"url","name":"URL","type":"text"},{"options":[],"codename":"email_label","name":"Email label","type":"text"},{"options":[],"codename":"target_email","name":"Target email","type":"text"}],"system":{"codename":"contact_us_section","id":"e86518b8-7f07-4ce3-b3c8-4a20e37e8098","name":"Contact us section"}},{"elements":[{"options":[],"codename":"buttons","name":"Buttons","type":"modular_content"},{"options":[],"codename":"secondary_text","name":"Secondary text","type":"text"},{"options":[],"codename":"primary_text","name":"Primary text","type":"text"}],"system":{"codename":"cta_section","id":"cd212904-4098-4e3f-8ad0-a813c45d72d3","name":"CTA section"}},{"elements":[{"options":[],"codename":"icons","name":"Icons","type":"modular_content"},{"options":[],"codename":"secondary_text","name":"Secondary text","type":"rich_text"},{"options":[],"codename":"primary_text","name":"Primary text","type":"text"}],"system":{"codename":"features_section","id":"12aebf0e-9b5a-40bc-9d8d-a8d23863053c","name":"Features section"}},{"elements":[{"options":[],"codename":"icons","name":"Icons","type":"modular_content"},{"options":[],"codename":"copyright","name":"Copyright","type":"rich_text"}],"system":{"codename":"footer_section","id":"654ee75f-1f3e-4abd-b34c-710be0f30e16","name":"Footer section"}},{"elements":[{"options":[],"codename":"logo","name":"Logo","type":"asset"},{"options":[],"codename":"url","name":"URL","type":"text"},{"options":[],"codename":"text","name":"Text","type":"text"},{"options":[],"codename":"secondary_text","name":"Secondary text","type":"text"},{"options":[],"codename":"primary_text","name":"Primary text","type":"text"}],"system":{"codename":"header_section","id":"5d55b065-2aba-4331-8a7e-13cfbe7b88e2","name":"Header section"}},{"elements":[{"options":[],"codename":"url","name":"URL","type":"text"},{"options":[],"codename":"code","name":"Code","type":"text"}],"system":{"codename":"icon","id":"38a7688e-c918-44f6-9136-03639fac3084","name":"Icon"}},{"elements":[{"options":[],"codename":"text","name":"Text","type":"text"},{"options":[],"codename":"icon","name":"Icon","type":"modular_content"},{"options":[],"codename":"url","name":"URL","type":"text"}],"system":{"codename":"link_icon","id":"af1368a6-9c3b-46f7-9a77-f91d7e35cf29","name":"Link icon"}},{"elements":[{"options":[],"codename":"sections","name":"Sections","type":"modular_content"}],"system":{"codename":"sections_page","id":"20eed1f5-2eed-428a-9fe0-47d2de3d5124","name":"Sections page"}},{"elements":[{"options":[],"codename":"columns","name":"Columns","type":"modular_content"},{"options":[],"codename":"primary_text","name":"Primary text","type":"text"},{"options":[],"codename":"secondary_text","name":"Secondary text","type":"rich_text"},{"options":[],"codename":"detail_text","name":"Detail text","type":"text"}],"system":{"codename":"three_columns_section","id":"8b27017d-5908-434a-abc0-0fd388cb5e2a","name":"Three columns section"}},{"elements":[{"options":[],"codename":"secondary_text","name":"Secondary text","type":"text"},{"options":[],"codename":"youtube_id","name":"Youtube ID","type":"text"},{"options":[],"codename":"primary_text","name":"Primary text","type":"text"}],"system":{"codename":"video_section","id":"efc85222-f861-41db-8ee8-9e68a63653d9","name":"Video section"}}]