[{"id":"8b27017d-5908-434a-abc0-0fd388cb5e2a","codename":"three_columns_section","last_modified":"2019-05-10T09:49:02.4863793Z","name":"Three columns section","content_groups":[],"elements":[{"maximum_text_length":null,"name":"Primary text","guidelines":null,"is_required":false,"type":"text","id":"83a6536d-2af8-4972-a28b-c0312a7d96f2","codename":"primary_text"},{"maximum_text_length":null,"maximum_image_size":null,"allowed_content_types":[],"image_width_limit":null,"image_height_limit":null,"allowed_image_types":"any","allowed_blocks":[],"allowed_formatting":[],"allowed_text_blocks":[],"name":"Secondary text","guidelines":null,"is_required":false,"type":"rich_text","id":"8e223dd0-909d-4670-9b6c-bcace2805f42","codename":"secondary_text"},{"item_count_limit":{"value":3,"condition":"exactly"},"allowed_content_types":[{"id":"4a89fd88-c22c-4cce-90d5-d47ec2097f4a"}],"name":"Columns","guidelines":null,"is_required":false,"type":"modular_content","id":"692f9616-a6a9-4d64-94bc-3f865429a617","codename":"columns"},{"maximum_text_length":null,"name":"Detail text","guidelines":null,"is_required":false,"type":"text","id":"f76a6033-6b85-41da-808d-7e4bb3355c8d","codename":"detail_text"}]},{"id":"cd212904-4098-4e3f-8ad0-a813c45d72d3","codename":"cta_section","last_modified":"2019-05-10T10:52:43.6259608Z","name":"CTA section","content_groups":[],"elements":[{"maximum_text_length":null,"name":"Primary text","guidelines":null,"is_required":false,"type":"text","id":"4cf354bc-9b6f-4571-b834-4217ffbcfe3d","codename":"primary_text"},{"maximum_text_length":null,"name":"Secondary text","guidelines":null,"is_required":false,"type":"text","id":"46c77c5c-1f0e-4e0c-b895-48409a80c2a3","codename":"secondary_text"},{"item_count_limit":null,"allowed_content_types":[{"id":"23d0e25c-4b84-4b81-ba47-31562e0636cf"}],"name":"Buttons","guidelines":null,"is_required":false,"type":"modular_content","id":"0ff40c01-6e04-4f51-b238-2110d6109d91","codename":"buttons"}]},{"id":"12aebf0e-9b5a-40bc-9d8d-a8d23863053c","codename":"features_section","last_modified":"2019-05-10T09:28:28.3702799Z","name":"Features section","content_groups":[],"elements":[{"maximum_text_length":null,"name":"Primary text","guidelines":null,"is_required":false,"type":"text","external_id":"70ca996b-1d41-4fb7-9035-db5112e0857a","id":"e72924c0-9c14-53ae-bff6-487f2e3d5e03","codename":"primary_text"},{"maximum_text_length":null,"maximum_image_size":null,"allowed_content_types":[],"image_width_limit":null,"image_height_limit":null,"allowed_image_types":"any","allowed_blocks":[],"allowed_formatting":[],"allowed_text_blocks":[],"name":"Secondary text","guidelines":null,"is_required":false,"type":"rich_text","id":"47a937c8-a311-4990-a353-9d2c15cf3386","codename":"secondary_text"},{"item_count_limit":null,"allowed_content_types":[{"id":"38a7688e-c918-44f6-9136-03639fac3084"}],"name":"Icons","guidelines":null,"is_required":false,"type":"modular_content","external_id":"74bc219c-487e-43cf-b5b3-96b284555fad","id":"16325bc2-1872-57d3-87c0-694c4f02481c","codename":"icons"}]},{"id":"4a89fd88-c22c-4cce-90d5-d47ec2097f4a","codename":"blog_post","last_modified":"2019-05-10T12:15:02.4752911Z","name":"Blog post","content_groups":[],"elements":[{"maximum_text_length":null,"name":"Title","guidelines":null,"is_required":false,"type":"text","id":"3f5900cc-06ce-48f2-915e-378036ec2fe5","codename":"title"},{"depends_on":{"element":{"id":"3f5900cc-06ce-48f2-915e-378036ec2fe5"}},"name":"Slug","guidelines":null,"is_required":false,"type":"url_slug","id":"89c5d9a0-b7b0-4eef-97e1-aa39518b5def","codename":"slug"},{"maximum_text_length":null,"name":"Summary","guidelines":null,"is_required":false,"type":"text","id":"8495b57c-8c5d-460d-b655-3ff1206eeb36","codename":"summary"},{"maximum_text_length":null,"maximum_image_size":null,"allowed_content_types":[],"image_width_limit":null,"image_height_limit":null,"allowed_image_types":"any","allowed_blocks":[],"allowed_formatting":[],"allowed_text_blocks":[],"name":"Content","guidelines":null,"is_required":false,"type":"rich_text","id":"71ea144b-c116-488d-9169-66f675a85133","codename":"content"},{"asset_count_limit":{"value":1,"condition":"exactly"},"maximum_file_size":null,"allowed_file_types":"any","image_width_limit":null,"image_height_limit":null,"name":"Image","guidelines":null,"is_required":true,"type":"asset","id":"f8d3daa9-1e57-429a-9623-cab1974b2dcf","codename":"image"}]},{"id":"e86518b8-7f07-4ce3-b3c8-4a20e37e8098","codename":"contact_us_section","last_modified":"2019-05-03T10:57:37.5457002Z","name":"Contact us section","content_groups":[],"elements":[{"maximum_text_length":null,"name":"Target email","guidelines":"","is_required":false,"type":"text","external_id":"040d3016-3557-4a6a-b570-70dde8ac3b96","id":"f7b8a5d1-2f05-50cc-8530-8a03470c1217","codename":"target_email"},{"maximum_text_length":null,"name":"Text","guidelines":"","is_required":false,"type":"text","external_id":"dcb9e303-d0f8-439b-96ff-7dd2be605392","id":"7b22df2b-e087-5dc4-874d-8d9ffe7bc11b","codename":"text"},{"maximum_text_length":null,"name":"Name label","guidelines":"","is_required":false,"type":"text","external_id":"134fee93-cc4d-494d-add3-040dfc386bd6","id":"d26deaa9-4017-5e4d-a3b0-b616496c0835","codename":"name_label"},{"maximum_text_length":null,"name":"Primary text","guidelines":"","is_required":false,"type":"text","external_id":"7b0a18ce-287d-4317-a86c-357ffa435d9a","id":"1fc701ad-218e-50a9-9e89-743dae20839f","codename":"primary_text"},{"maximum_text_length":null,"name":"Secondary text","guidelines":"","is_required":false,"type":"text","external_id":"b5ba9eb8-83f5-4437-9c0f-b969e1f85ebc","id":"4a7dd64e-d0f0-5407-8d69-474718c8b208","codename":"secondary_text"},{"maximum_text_length":null,"name":"URL","guidelines":"","is_required":false,"type":"text","external_id":"4a77e192-a68f-4b8e-b601-930aaaf1c64e","id":"ddbcea39-72f9-53dc-b573-f8fc7f9a0482","codename":"url"},{"maximum_text_length":null,"name":"Email label","guidelines":"","is_required":false,"type":"text","external_id":"b45d7caa-db6b-4f25-bc75-7642dac5f903","id":"e7bb9ba4-40c0-511b-bd0d-35ad5fb9d6b7","codename":"email_label"},{"maximum_text_length":null,"name":"Message label","guidelines":"","is_required":false,"type":"text","external_id":"3463e184-892a-44ff-9be6-92d13887b514","id":"58fafcd7-12ba-55ab-9b00-4a2f439685f7","codename":"message_label"}]},{"id":"654ee75f-1f3e-4abd-b34c-710be0f30e16","codename":"footer_section","last_modified":"2019-05-10T11:30:07.3171045Z","name":"Footer section","content_groups":[],"elements":[{"item_count_limit":null,"allowed_content_types":[{"id":"af1368a6-9c3b-46f7-9a77-f91d7e35cf29"}],"name":"Icons","guidelines":null,"is_required":false,"type":"modular_content","external_id":"76610573-d1b5-4b54-a23e-6fbaf302670a","id":"da1db290-8528-517a-9012-af7bd5883d57","codename":"icons"},{"maximum_text_length":null,"maximum_image_size":null,"allowed_content_types":[],"image_width_limit":null,"image_height_limit":null,"allowed_image_types":"any","allowed_blocks":[],"allowed_formatting":[],"allowed_text_blocks":[],"name":"Copyright","guidelines":null,"is_required":false,"type":"rich_text","id":"fea96e30-70c2-43f3-b325-41b9033621b4","codename":"copyright"}]},{"id":"efc85222-f861-41db-8ee8-9e68a63653d9","codename":"video_section","last_modified":"2019-05-03T11:59:09.0423992Z","name":"Video section","content_groups":[],"elements":[{"maximum_text_length":null,"name":"Secondary text","guidelines":null,"is_required":false,"type":"text","external_id":"af4b2376-76cb-4454-8d5c-80f5a2bd66e8","id":"12296f18-2317-5eb2-b05c-940180121d78","codename":"secondary_text"},{"maximum_text_length":null,"name":"Youtube ID","guidelines":null,"is_required":false,"type":"text","external_id":"6d287ef9-83d2-423e-ae9e-dc7d853946ce","id":"472009d0-3374-5aa7-a262-8e7bfabb0e86","codename":"youtube_id"},{"maximum_text_length":null,"name":"Primary text","guidelines":null,"is_required":false,"type":"text","external_id":"a7562c55-8a80-4f86-ab71-4a4f9e4def70","id":"7fdc71f3-cd0f-5b64-ac5e-66d644252c95","codename":"primary_text"}]},{"id":"af1368a6-9c3b-46f7-9a77-f91d7e35cf29","codename":"link_icon","last_modified":"2019-05-10T11:22:01.4537048Z","name":"Link icon","content_groups":[],"elements":[{"maximum_text_length":null,"name":"Text","guidelines":null,"is_required":false,"type":"text","id":"5531f1de-a8a0-4f72-a60c-7c64e039ed5f","codename":"text"},{"maximum_text_length":null,"name":"URL","guidelines":null,"is_required":false,"type":"text","id":"b19508eb-d1fa-4a0f-b877-d46dad39223c","codename":"url"},{"item_count_limit":{"value":1,"condition":"exactly"},"allowed_content_types":[{"id":"38a7688e-c918-44f6-9136-03639fac3084"}],"name":"Icon","guidelines":null,"is_required":false,"type":"modular_content","id":"a4623883-ae31-4379-a78a-fd9caa9b41e2","codename":"icon"}]},{"id":"23d0e25c-4b84-4b81-ba47-31562e0636cf","codename":"button","last_modified":"2019-05-10T10:53:12.3992599Z","name":"Button","content_groups":[],"elements":[{"maximum_text_length":null,"name":"Text","guidelines":null,"is_required":false,"type":"text","id":"4b2e03d2-9fa4-4203-83a4-e0265c36b736","codename":"text"},{"maximum_text_length":null,"name":"Url","guidelines":null,"is_required":false,"type":"text","id":"6d99794f-7685-4ae7-909f-5f1bcd2dcf55","codename":"url"},{"mode":"multiple","options":[{"id":"a1be9919-0913-49e9-b886-09d073e6f455","codename":"special","name":"Special"}],"name":"Special","guidelines":null,"is_required":false,"type":"multiple_choice","id":"7b1e8ad8-3f0f-444a-b905-0f9e481e3e09","codename":"special"}]},{"id":"5d55b065-2aba-4331-8a7e-13cfbe7b88e2","codename":"header_section","last_modified":"2019-05-03T10:57:38.7177561Z","name":"Header section","content_groups":[],"elements":[{"maximum_text_length":null,"name":"Secondary text","guidelines":"","is_required":false,"type":"text","external_id":"9796bd66-675b-48bf-a71f-46c12a5d0741","id":"b9819451-738e-51af-9c66-8623825aa12c","codename":"secondary_text"},{"maximum_text_length":null,"name":"Primary text","guidelines":"","is_required":false,"type":"text","external_id":"59d28b39-92ef-425c-9e37-ca99fc08123c","id":"be12b47c-3ec5-5dcf-a9ec-9a75881b059e","codename":"primary_text"},{"maximum_text_length":null,"name":"Text","guidelines":"","is_required":false,"type":"text","external_id":"7dc21d93-7a1e-46a2-9bfe-d28c84338deb","id":"a7474fd6-0520-53e7-ae91-010add45c06f","codename":"text"},{"maximum_text_length":null,"name":"URL","guidelines":"","is_required":false,"type":"text","external_id":"5a6817fa-eaa4-46c4-b077-f6775040cbf6","id":"7412a39f-d7ae-50e1-99fb-01b16209450c","codename":"url"},{"asset_count_limit":null,"maximum_file_size":null,"allowed_file_types":"any","image_width_limit":null,"image_height_limit":null,"name":"Logo","guidelines":"","is_required":false,"type":"asset","external_id":"2576953c-7bc3-4f7e-8fb1-5505ce184ca3","id":"3aca56cb-5334-5f45-9ae7-aef41e8f3a5b","codename":"logo"}]},{"id":"38a7688e-c918-44f6-9136-03639fac3084","codename":"icon","last_modified":"2019-05-03T10:57:39.062719Z","name":"Icon","content_groups":[],"elements":[{"maximum_text_length":null,"name":"URL","guidelines":"","is_required":false,"type":"text","external_id":"991a3b01-2edb-448f-9f87-e2284fcf250a","id":"675e98a7-4d06-54ae-9530-d7266c942f9c","codename":"url"},{"maximum_text_length":null,"name":"Code","guidelines":"","is_required":false,"type":"text","external_id":"334902f5-f463-4ce0-8474-933db346894f","id":"6a001bc9-2680-5c94-bc39-27427aad1bcc","codename":"code"}]},{"id":"20eed1f5-2eed-428a-9fe0-47d2de3d5124","codename":"sections_page","last_modified":"2019-05-03T10:57:39.4065054Z","name":"Sections page","content_groups":[],"elements":[{"item_count_limit":null,"allowed_content_types":[],"name":"Sections","guidelines":"","is_required":false,"type":"modular_content","external_id":"7f7499b7-cc63-4e90-8ae0-e916154498ff","id":"9f747ee6-b1da-569c-aa9a-382d19546607","codename":"sections"}]}]