[{"itemCodename":"aenean_placerat","itemId":"245f35aa-26d3-4c46-9f8c-cee84fdae59b","languageCodename":"default","elements":[{"value":"Aenean placerat","elementCodename":"Title","elementModel":{"codename":"title","type":"text","name":"Title","options":[]}},{"value":"#","elementCodename":"Slug","elementModel":{"codename":"slug","type":"url_slug","name":"Slug","options":[]}},{"value":"Neque porro quisquam est, qui dolorem ipsum quia dolor sit amet, consectetur, adipisci velit, sed quia non numquam eius modi tempora.","elementCodename":"Summary","elementModel":{"codename":"summary","type":"text","name":"Summary","options":[]}},{"value":"<h2>Praesent in mauris eu tortor porttitor accumsan</h2>\n<p>Etiam dui sem, fermentum vitae, sagittis id, malesuada in, quam. Nulla non arcu lacinia neque faucibus fringilla. Sed ac dolor sit amet purus malesuada congue. Nullam at arcu a est sollicitudin euismod. Etiam posuere lacus quis dolor. Et harum quidem rerum facilis est et expedita distinctio. Praesent in mauris eu tortor porttitor accumsan. In sem justo, commodo ut, suscipit at, pharetra vitae, orci. Integer vulputate sem a nibh rutrum consequat. Ut tempus purus at lorem. Proin pede metus, vulputate nec, fermentum fringilla, vehicula vitae, justo. Sed elit dui, pellentesque a, faucibus vel, interdum nec, diam. Aliquam erat volutpat.</p>","elementCodename":"Content","elementModel":{"codename":"content","type":"rich_text","name":"Content","options":[]}},{"value":[{"name":"create-even-more.svg","description":null,"type":"image/svg+xml","size":9003,"url":"https://assets-us-01.kc-usercontent.com:443/be4a893e-e87c-00e3-c66a-203a876e058a/961d5147-0c5a-4d6d-90e7-a34bfe7d7264/create-even-more.svg"}],"elementCodename":"Image","elementModel":{"codename":"image","type":"asset","name":"Image","options":[]}}]},{"itemCodename":"bolt","itemId":"465eac28-8064-4865-acba-e33e5bd167d4","languageCodename":"default","elements":[{"value":"","elementCodename":"URL","elementModel":{"codename":"url","type":"text","name":"URL","options":[]}},{"value":"fa-bolt","elementCodename":"Code","elementModel":{"codename":"code","type":"text","name":"Code","options":[]}}]},{"itemCodename":"calendar","itemId":"d28a06d7-4a37-4869-ae63-b6ab3aec2e58","languageCodename":"default","elements":[{"value":"","elementCodename":"URL","elementModel":{"codename":"url","type":"text","name":"URL","options":[]}},{"value":"fa-calendar","elementCodename":"Code","elementModel":{"codename":"code","type":"text","name":"Code","options":[]}}]},{"itemCodename":"camera_retro","itemId":"9d6278d8-7ccb-4a43-acf5-9356487fabfc","languageCodename":"default","elements":[{"value":"","elementCodename":"URL","elementModel":{"codename":"url","type":"text","name":"URL","options":[]}},{"value":"fa-camera-retro","elementCodename":"Code","elementModel":{"codename":"code","type":"text","name":"Code","options":[]}}]},{"itemCodename":"code","itemId":"e3006c5c-25c8-4cb2-b3c6-acd3a6b26945","languageCodename":"default","elements":[{"value":"","elementCodename":"URL","elementModel":{"codename":"url","type":"text","name":"URL","options":[]}},{"value":"fa-code","elementCodename":"Code","elementModel":{"codename":"code","type":"text","name":"Code","options":[]}}]},{"itemCodename":"cogwheel","itemId":"f5004f6b-9fc4-48f5-aca4-6ac20a3122fd","languageCodename":"default","elements":[{"value":"","elementCodename":"URL","elementModel":{"codename":"url","type":"text","name":"URL","options":[]}},{"value":"fa-cog","elementCodename":"Code","elementModel":{"codename":"code","type":"text","name":"Code","options":[]}}]},{"itemCodename":"contact_us_section","itemId":"39522030-c671-4b26-972e-86c9478fbb9c","languageCodename":"default","elements":[{"value":"target.email@localhost.local","elementCodename":"Target email","elementModel":{"codename":"target_email","type":"text","name":"Target email","options":[]}},{"value":"Submit","elementCodename":"Text","elementModel":{"codename":"text","type":"text","name":"Text","options":[]}},{"value":"Name","elementCodename":"Name label","elementModel":{"codename":"name_label","type":"text","name":"Name label","options":[]}},{"value":"Contact us","elementCodename":"Primary text","elementModel":{"codename":"primary_text","type":"text","name":"Primary text","options":[]}},{"value":"Feel free to ask anything","elementCodename":"Secondary text","elementModel":{"codename":"secondary_text","type":"text","name":"Secondary text","options":[]}},{"value":"","elementCodename":"URL","elementModel":{"codename":"url","type":"text","name":"URL","options":[]}},{"value":"Email","elementCodename":"Email label","elementModel":{"codename":"email_label","type":"text","name":"Email label","options":[]}},{"value":"Message","elementCodename":"Message label","elementModel":{"codename":"message_label","type":"text","name":"Message label","options":[]}}]},{"itemCodename":"cta_section","itemId":"033ec1fd-43de-4862-bbab-7c4a46ce7009","languageCodename":"default","elements":[{"value":"Ipsum feugiat consequat?","elementCodename":"Primary text","elementModel":{"codename":"primary_text","type":"text","name":"Primary text","options":[]}},{"value":"Sed lacus nascetur ac ante amet sapien.","elementCodename":"Secondary text","elementModel":{"codename":"secondary_text","type":"text","name":"Secondary text","options":[]}},{"value":["sign_up","learn_more"],"elementCodename":"Buttons","elementModel":{"codename":"buttons","type":"modular_content","name":"Buttons","options":[]}}]},{"itemCodename":"sign_up","itemId":"0c2c70ed-1eb5-4e69-975d-0b4a7b1572c9","languageCodename":"default","elements":[{"value":"Sign Up","elementCodename":"Text","elementModel":{"codename":"text","type":"text","name":"Text","options":[]}},{"value":"#","elementCodename":"Url","elementModel":{"codename":"url","type":"text","name":"Url","options":[]}},{"value":[{"name":"Special","codename":"special"}],"elementCodename":"Special","elementModel":{"codename":"special","type":"multiple_choice","name":"Special","options":[]}}]},{"itemCodename":"learn_more","itemId":"22e3da1c-7dc8-4aff-bd62-cb217ead02fa","languageCodename":"default","elements":[{"value":"Learn more","elementCodename":"Text","elementModel":{"codename":"text","type":"text","name":"Text","options":[]}},{"value":"#","elementCodename":"Url","elementModel":{"codename":"url","type":"text","name":"Url","options":[]}},{"value":[],"elementCodename":"Special","elementModel":{"codename":"special","type":"multiple_choice","name":"Special","options":[]}}]},{"itemCodename":"desktop","itemId":"77ad55a2-898a-4dbe-9ab1-11d351885934","languageCodename":"default","elements":[{"value":"","elementCodename":"URL","elementModel":{"codename":"url","type":"text","name":"URL","options":[]}},{"value":"fa-desktop","elementCodename":"Code","elementModel":{"codename":"code","type":"text","name":"Code","options":[]}}]},{"itemCodename":"developer_community_email","itemId":"c7ce5b59-15ff-474c-8835-553fa9748833","languageCodename":"default","elements":[{"value":"Email","elementCodename":"Text","elementModel":{"codename":"text","type":"text","name":"Text","options":[]}},{"value":"mailto:developerscommunity@kentico.com","elementCodename":"URL","elementModel":{"codename":"url","type":"text","name":"URL","options":[]}},{"value":["email"],"elementCodename":"Icon","elementModel":{"codename":"icon","type":"modular_content","name":"Icon","options":[]}}]},{"itemCodename":"email","itemId":"0a9b54b2-b337-4505-b696-930e2fca27c5","languageCodename":"default","elements":[{"value":"","elementCodename":"URL","elementModel":{"codename":"url","type":"text","name":"URL","options":[]}},{"value":"fa-envelope","elementCodename":"Code","elementModel":{"codename":"code","type":"text","name":"Code","options":[]}}]},{"itemCodename":"facebook","itemId":"29f8cf69-6038-4f20-9e57-0d26e6953f1f","languageCodename":"default","elements":[{"value":"Facebook","elementCodename":"Text","elementModel":{"codename":"text","type":"text","name":"Text","options":[]}},{"value":"https://www.facebook.com/kenticocloud/","elementCodename":"URL","elementModel":{"codename":"url","type":"text","name":"URL","options":[]}},{"value":["facebook_6d2e6e8"],"elementCodename":"Icon","elementModel":{"codename":"icon","type":"modular_content","name":"Icon","options":[]}}]},{"itemCodename":"facebook_6d2e6e8","itemId":"6d2e6e8b-0849-433f-b0e8-42ed45e10c41","languageCodename":"default","elements":[{"value":"","elementCodename":"URL","elementModel":{"codename":"url","type":"text","name":"URL","options":[]}},{"value":"fa-facebook","elementCodename":"Code","elementModel":{"codename":"code","type":"text","name":"Code","options":[]}}]},{"itemCodename":"features_section","itemId":"b8fcf086-7b93-48ba-b3e7-44e6c496f36a","languageCodename":"default","elements":[{"value":"Lorem ipsum dolor sit amet","elementCodename":"Primary text","elementModel":{"codename":"primary_text","type":"text","name":"Primary text","options":[]}},{"value":"<p>Adipiscing a commodo ante nunc accumsan interdum mi ante adipiscing. A nunc lobortis non nisl amet vis volutpat aclacus nascetur ac non. Lorem curae eu ante amet sapien in tempus ac. Adipiscing id accumsan adipiscing ipsum.</p>\n<p>Blandit faucibus proin. Ac aliquam integer adipiscing enim non praesent vis commodo nunc phasellus cubilia ac risus accumsan. Accumsan blandit. Lobortis phasellus non lobortis dit varius mi varius accumsan lobortis. Blandit ante aliquam lacinia lorem lobortis semper morbi col faucibus vitae integer placerat accumsan orci eu mi odio tempus adipiscing adipiscing adipiscing curae consequat feugiat etiam dolore.</p>\n<p>Adipiscing a commodo ante nunc accumsan interdum mi ante adipiscing. A nunc lobortis non nisl amet vis volutpat aclacus nascetur ac non. Lorem curae eu ante amet sapien in tempus ac. Adipiscing id accumsan adipiscing ipsum.</p>","elementCodename":"Secondary text","elementModel":{"codename":"secondary_text","type":"rich_text","name":"Secondary text","options":[]}},{"value":["code","bolt","camera_retro","cogwheel","desktop","calendar"],"elementCodename":"Icons","elementModel":{"codename":"icons","type":"modular_content","name":"Icons","options":[]}}]},{"itemCodename":"footer_section","itemId":"70bc27d6-0d36-4700-bced-de425bef34ba","languageCodename":"default","elements":[{"value":["twitter","facebook","instagram","github","developer_community_email"],"elementCodename":"Icons","elementModel":{"codename":"icons","type":"modular_content","name":"Icons","options":[]}},{"value":"<p>© Untitled Design based on <a href=\"https://www.gatsbyjs.org/starters/codebushi/gatsby-starter-photon/\" data-new-window=\"true\" target=\"_blank\" rel=\"noopener noreferrer\">Gatsby Starter Photon</a> (<a href=\"http://html5up.net/\" data-new-window=\"true\" target=\"_blank\" rel=\"noopener noreferrer\">HTML5 UP</a>)</p>\n<figure data-asset-id=\"b825dfaf-2964-4d9d-9f39-af8232b5d135\" data-image-id=\"b825dfaf-2964-4d9d-9f39-af8232b5d135\"><img src=\"https://assets-us-01.kc-usercontent.com:443/be4a893e-e87c-00e3-c66a-203a876e058a/afc18fb1-684b-4a4a-8547-f2950935494d/powered-by-kc_negative@1x.png\" data-asset-id=\"b825dfaf-2964-4d9d-9f39-af8232b5d135\" data-image-id=\"b825dfaf-2964-4d9d-9f39-af8232b5d135\" alt=\"\"></figure>\n<p><br></p>","elementCodename":"Copyright","elementModel":{"codename":"copyright","type":"rich_text","name":"Copyright","options":[]}}]},{"itemCodename":"twitter","itemId":"64809969-807e-4aea-bd72-3cd4f3d8f970","languageCodename":"default","elements":[{"value":"Twitter","elementCodename":"Text","elementModel":{"codename":"text","type":"text","name":"Text","options":[]}},{"value":"https://twitter.com/kenticocloud","elementCodename":"URL","elementModel":{"codename":"url","type":"text","name":"URL","options":[]}},{"value":["twitter_f7b1393"],"elementCodename":"Icon","elementModel":{"codename":"icon","type":"modular_content","name":"Icon","options":[]}}]},{"itemCodename":"instagram","itemId":"836c7276-0e56-4380-bcf8-6fbeeeac5edd","languageCodename":"default","elements":[{"value":"Instagram","elementCodename":"Text","elementModel":{"codename":"text","type":"text","name":"Text","options":[]}},{"value":"https://www.instagram.com/kentico_/","elementCodename":"URL","elementModel":{"codename":"url","type":"text","name":"URL","options":[]}},{"value":["instagram_21824cb"],"elementCodename":"Icon","elementModel":{"codename":"icon","type":"modular_content","name":"Icon","options":[]}}]},{"itemCodename":"github","itemId":"7bdc0c18-9090-4841-899d-b4fa7de8ddb0","languageCodename":"default","elements":[{"value":"","elementCodename":"Text","elementModel":{"codename":"text","type":"text","name":"Text","options":[]}},{"value":"https://github.com/Kentico","elementCodename":"URL","elementModel":{"codename":"url","type":"text","name":"URL","options":[]}},{"value":["github_68eae61"],"elementCodename":"Icon","elementModel":{"codename":"icon","type":"modular_content","name":"Icon","options":[]}}]},{"itemCodename":"github_68eae61","itemId":"68eae61e-7449-4e70-8205-e365bc7ac22d","languageCodename":"default","elements":[{"value":"","elementCodename":"URL","elementModel":{"codename":"url","type":"text","name":"URL","options":[]}},{"value":"fa-github","elementCodename":"Code","elementModel":{"codename":"code","type":"text","name":"Code","options":[]}}]},{"itemCodename":"header_section","itemId":"16df1b14-df78-4b21-8917-89e29e883aae","languageCodename":"default","elements":[{"value":"Kentico Cloud and GatsbyJs web tamplate based on Photon template","elementCodename":"Secondary text","elementModel":{"codename":"secondary_text","type":"text","name":"Secondary text","options":[]}},{"value":"Kentico Cloud & GatsbyJs","elementCodename":"Primary text","elementModel":{"codename":"primary_text","type":"text","name":"Primary text","options":[]}},{"value":"Discover","elementCodename":"Text","elementModel":{"codename":"text","type":"text","name":"Text","options":[]}},{"value":"#video_section","elementCodename":"URL","elementModel":{"codename":"url","type":"text","name":"URL","options":[]}},{"value":[{"name":"kentico-cloud.png","description":null,"type":"image/png","size":6845,"url":"https://assets-us-01.kc-usercontent.com:443/be4a893e-e87c-00e3-c66a-203a876e058a/3c7996df-1875-46dc-abbb-7b6e024ed32b/kentico-cloud.png","width":180,"height":180}],"elementCodename":"Logo","elementModel":{"codename":"logo","type":"asset","name":"Logo","options":[]}}]},{"itemCodename":"home_page","itemId":"6815c75c-56ac-49e0-acb5-3a2645a8479d","languageCodename":"default","elements":[{"value":["header_section","video_section","features_section","three_columns","cta_section","footer_section"],"elementCodename":"Sections","elementModel":{"codename":"sections","type":"modular_content","name":"Sections","options":[]}}]},{"itemCodename":"video_section","itemId":"f17a987e-e257-4945-a5ee-4c5fb7eacc12","languageCodename":"default","elements":[{"value":"Proin mattis lacinia justo. Aenean fermentum risus id tortor. Vivamus ac leo pretium faucibus. Nemo enim ipsam voluptatem quia voluptas sit aspernatur aut odit aut fugit, sed quia consequuntur magni dolores eos qui ratione voluptatem sequi nesciunt. Pellentesque sapien. Etiam commodo dui eget wisi. Vestibulum fermentum tortor id mi. Nullam justo enim, consectetuer nec, ullamcorper ac, vestibulum in, elit. Fusce consectetuer risus a nunc. Etiam dictum tincidunt diam. Maecenas lorem. Etiam dui sem, fermentum vitae, sagittis id, malesuada in, quam. Integer pellentesque quam vel velit.","elementCodename":"Secondary text","elementModel":{"codename":"secondary_text","type":"text","name":"Secondary text","options":[]}},{"value":"U5_H9cD17gA","elementCodename":"Youtube ID","elementModel":{"codename":"youtube_id","type":"text","name":"Youtube ID","options":[]}},{"value":"Lorem ipsum dolor sit amet, consectetuer adipiscing elit.","elementCodename":"Primary text","elementModel":{"codename":"primary_text","type":"text","name":"Primary text","options":[]}}]},{"itemCodename":"three_columns","itemId":"0bb1c266-fd4b-48b6-aea0-66ab64d5f452","languageCodename":"default","elements":[{"value":"Adipiscing amet consequat","elementCodename":"Primary text","elementModel":{"codename":"primary_text","type":"text","name":"Primary text","options":[]}},{"value":"<p>Ante nunc accumsan et aclacus nascetur ac ante amet sapien sed.</p>","elementCodename":"Secondary text","elementModel":{"codename":"secondary_text","type":"rich_text","name":"Secondary text","options":[]}},{"value":["magna_feugiat_lorem","aenean_placerat","nullam_at_arcu_a_est_sollicitudin_euismod"],"elementCodename":"Columns","elementModel":{"codename":"columns","type":"modular_content","name":"Columns","options":[]}},{"value":"More","elementCodename":"Detail text","elementModel":{"codename":"detail_text","type":"text","name":"Detail text","options":[]}}]},{"itemCodename":"instagram_21824cb","itemId":"21824cb4-ea51-46b6-9955-b35b1aa550d0","languageCodename":"default","elements":[{"value":"","elementCodename":"URL","elementModel":{"codename":"url","type":"text","name":"URL","options":[]}},{"value":"fa-instagram","elementCodename":"Code","elementModel":{"codename":"code","type":"text","name":"Code","options":[]}}]},{"itemCodename":"magna_feugiat_lorem","itemId":"8af13f26-050e-4e0b-81bf-1dfbab990ea7","languageCodename":"default","elements":[{"value":"Magna feugiat lorem","elementCodename":"Title","elementModel":{"codename":"title","type":"text","name":"Title","options":[]}},{"value":"#","elementCodename":"Slug","elementModel":{"codename":"slug","type":"url_slug","name":"Slug","options":[]}},{"value":"Adipiscing a commodo ante nunc magna lorem et interdum mi ante nunc lobortis non amet vis sed volutpat et nascetur.","elementCodename":"Summary","elementModel":{"codename":"summary","type":"text","name":"Summary","options":[]}},{"value":"<h2>Lorem ipsum dolor sit amet, consectetuer adipiscing elit</h2>\n<p>Etiam sapien elit, consequat eget, tristique non, venenatis quis, ante. Etiam neque. Etiam posuere lacus quis dolor. Duis sapien nunc, commodo et, interdum suscipit, sollicitudin et, dolor. Maecenas lorem. Nullam sapien sem, ornare ac, nonummy non, lobortis a enim. Donec quis nibh at felis congue commodo. Cum sociis natoque penatibus et magnis dis parturient montes, nascetur ridiculus mus. Nemo enim ipsam voluptatem quia voluptas sit aspernatur aut odit aut fugit, sed quia consequuntur magni dolores eos qui ratione voluptatem sequi nesciunt. Nulla quis diam. Mauris dictum facilisis augue. Donec quis nibh at felis congue commodo. Suspendisse sagittis ultrices augue. Fusce aliquam vestibulum ipsum. Duis ante orci, molestie vitae vehicula venenatis, tincidunt ac pede. Fusce nibh.</p>","elementCodename":"Content","elementModel":{"codename":"content","type":"rich_text","name":"Content","options":[]}},{"value":[{"name":"develop-with-ease.svg","description":null,"type":"image/svg+xml","size":8070,"url":"https://assets-us-01.kc-usercontent.com:443/be4a893e-e87c-00e3-c66a-203a876e058a/ddb3da3e-b804-49fc-99cf-fb6d78791bf1/develop-with-ease.svg"}],"elementCodename":"Image","elementModel":{"codename":"image","type":"asset","name":"Image","options":[]}}]},{"itemCodename":"nullam_at_arcu_a_est_sollicitudin_euismod","itemId":"880fbeb2-9002-434a-9147-175523523f41","languageCodename":"default","elements":[{"value":"Nullam at arcu","elementCodename":"Title","elementModel":{"codename":"title","type":"text","name":"Title","options":[]}},{"value":"#","elementCodename":"Slug","elementModel":{"codename":"slug","type":"url_slug","name":"Slug","options":[]}},{"value":"Nulla quis diam. Mauris dictum facilisis augue. Donec quis nibh at felis congue commodo. Suspendisse sagittis ultrices augue.","elementCodename":"Summary","elementModel":{"codename":"summary","type":"text","name":"Summary","options":[]}},{"value":"<h2>Nulla non arcu lacinia neque faucibus fringilla</h2>\n<p>Itaque earum rerum hic tenetur a sapiente delectus, ut aut reiciendis voluptatibus maiores alias consequatur aut perferendis doloribus asperiores repellat. Fusce aliquam vestibulum ipsum. Mauris tincidunt sem sed arcu. Nullam eget nisl. Duis viverra diam non justo. Duis risus. Aenean placerat. Phasellus enim erat, vestibulum vel, aliquam a, posuere eu, velit. Suspendisse sagittis ultrices augue.</p>","elementCodename":"Content","elementModel":{"codename":"content","type":"rich_text","name":"Content","options":[]}},{"value":[{"name":"integrate-with-existing.svg","description":null,"type":"image/svg+xml","size":2773,"url":"https://assets-us-01.kc-usercontent.com:443/be4a893e-e87c-00e3-c66a-203a876e058a/65771032-8544-44a1-bcec-da9e9abbb203/integrate-with-existing.svg"}],"elementCodename":"Image","elementModel":{"codename":"image","type":"asset","name":"Image","options":[]}}]},{"itemCodename":"twitter_f7b1393","itemId":"f7b13930-c8e6-4201-b8ee-24e0f92633a1","languageCodename":"default","elements":[{"value":"","elementCodename":"URL","elementModel":{"codename":"url","type":"text","name":"URL","options":[]}},{"value":"fa-twitter","elementCodename":"Code","elementModel":{"codename":"code","type":"text","name":"Code","options":[]}}]}]