[{"elements":[{"element":{"id":"83a6536d-2af8-4972-a28b-c0312a7d96f2"},"value":"Adipiscing amet consequat"},{"components":[],"element":{"id":"8e223dd0-909d-4670-9b6c-bcace2805f42"},"value":"<p>Ante nunc accumsan et aclacus nascetur ac ante amet sapien sed.</p>"},{"element":{"id":"692f9616-a6a9-4d64-94bc-3f865429a617"},"value":[{"id":"8af13f26-050e-4e0b-81bf-1dfbab990ea7"},{"id":"245f35aa-26d3-4c46-9f8c-cee84fdae59b"},{"id":"880fbeb2-9002-434a-9147-175523523f41"}]},{"element":{"id":"f76a6033-6b85-41da-808d-7e4bb3355c8d"},"value":"More"}],"workflow_step":{"id":"c199950d-99f0-4983-b711-6c4c91624b22"},"item":{"id":"0bb1c266-fd4b-48b6-aea0-66ab64d5f452"},"language":{"id":"00000000-0000-0000-0000-000000000000"},"last_modified":"2019-05-10T10:00:30.5684111Z"},{"elements":[{"element":{"id":"4cf354bc-9b6f-4571-b834-4217ffbcfe3d"},"value":"Ipsum feugiat consequat?"},{"element":{"id":"46c77c5c-1f0e-4e0c-b895-48409a80c2a3"},"value":"Sed lacus nascetur ac ante amet sapien."},{"element":{"id":"0ff40c01-6e04-4f51-b238-2110d6109d91"},"value":[{"id":"0c2c70ed-1eb5-4e69-975d-0b4a7b1572c9"},{"id":"22e3da1c-7dc8-4aff-bd62-cb217ead02fa"}]}],"workflow_step":{"id":"c199950d-99f0-4983-b711-6c4c91624b22"},"item":{"id":"033ec1fd-43de-4862-bbab-7c4a46ce7009"},"language":{"id":"00000000-0000-0000-0000-000000000000"},"last_modified":"2019-05-10T10:53:39.9878724Z"},{"elements":[{"element":{"id":"e72924c0-9c14-53ae-bff6-487f2e3d5e03"},"value":"Lorem ipsum dolor sit amet"},{"components":[],"element":{"id":"47a937c8-a311-4990-a353-9d2c15cf3386"},"value":"<p>Adipiscing a commodo ante nunc accumsan interdum mi ante adipiscing. A nunc lobortis non nisl amet vis volutpat aclacus nascetur ac non. Lorem curae eu ante amet sapien in tempus ac. Adipiscing id accumsan adipiscing ipsum.</p>\n<p>Blandit faucibus proin. Ac aliquam integer adipiscing enim non praesent vis commodo nunc phasellus cubilia ac risus accumsan. Accumsan blandit. Lobortis phasellus non lobortis dit varius mi varius accumsan lobortis. Blandit ante aliquam lacinia lorem lobortis semper morbi col faucibus vitae integer placerat accumsan orci eu mi odio tempus adipiscing adipiscing adipiscing curae consequat feugiat etiam dolore.</p>\n<p>Adipiscing a commodo ante nunc accumsan interdum mi ante adipiscing. A nunc lobortis non nisl amet vis volutpat aclacus nascetur ac non. Lorem curae eu ante amet sapien in tempus ac. Adipiscing id accumsan adipiscing ipsum.</p>"},{"element":{"id":"16325bc2-1872-57d3-87c0-694c4f02481c"},"value":[{"id":"e3006c5c-25c8-4cb2-b3c6-acd3a6b26945"},{"id":"465eac28-8064-4865-acba-e33e5bd167d4"},{"id":"9d6278d8-7ccb-4a43-acf5-9356487fabfc"},{"id":"f5004f6b-9fc4-48f5-aca4-6ac20a3122fd"},{"id":"77ad55a2-898a-4dbe-9ab1-11d351885934"},{"id":"d28a06d7-4a37-4869-ae63-b6ab3aec2e58"}]}],"workflow_step":{"id":"c199950d-99f0-4983-b711-6c4c91624b22"},"item":{"id":"b8fcf086-7b93-48ba-b3e7-44e6c496f36a"},"language":{"id":"00000000-0000-0000-0000-000000000000"},"last_modified":"2019-05-10T09:28:55.1260681Z"},{"elements":[{"element":{"id":"3f5900cc-06ce-48f2-915e-378036ec2fe5"},"value":"Magna feugiat lorem"},{"mode":"custom","element":{"id":"89c5d9a0-b7b0-4eef-97e1-aa39518b5def"},"value":"#"},{"element":{"id":"8495b57c-8c5d-460d-b655-3ff1206eeb36"},"value":"Adipiscing a commodo ante nunc magna lorem et interdum mi ante nunc lobortis non amet vis sed volutpat et nascetur."},{"components":[],"element":{"id":"71ea144b-c116-488d-9169-66f675a85133"},"value":"<h2>Lorem ipsum dolor sit amet, consectetuer adipiscing elit</h2>\n<p>Etiam sapien elit, consequat eget, tristique non, venenatis quis, ante. Etiam neque. Etiam posuere lacus quis dolor. Duis sapien nunc, commodo et, interdum suscipit, sollicitudin et, dolor. Maecenas lorem. Nullam sapien sem, ornare ac, nonummy non, lobortis a enim. Donec quis nibh at felis congue commodo. Cum sociis natoque penatibus et magnis dis parturient montes, nascetur ridiculus mus. Nemo enim ipsam voluptatem quia voluptas sit aspernatur aut odit aut fugit, sed quia consequuntur magni dolores eos qui ratione voluptatem sequi nesciunt. Nulla quis diam. Mauris dictum facilisis augue. Donec quis nibh at felis congue commodo. Suspendisse sagittis ultrices augue. Fusce aliquam vestibulum ipsum. Duis ante orci, molestie vitae vehicula venenatis, tincidunt ac pede. Fusce nibh.</p>"},{"element":{"id":"f8d3daa9-1e57-429a-9623-cab1974b2dcf"},"value":[{"id":"abdba8b2-8c43-479b-87df-fb173b87740a"}]}],"workflow_step":{"id":"c199950d-99f0-4983-b711-6c4c91624b22"},"item":{"id":"8af13f26-050e-4e0b-81bf-1dfbab990ea7"},"language":{"id":"00000000-0000-0000-0000-000000000000"},"last_modified":"2019-05-10T12:15:25.3370851Z"},{"elements":[{"element":{"id":"3f5900cc-06ce-48f2-915e-378036ec2fe5"},"value":"Aenean placerat"},{"mode":"custom","element":{"id":"89c5d9a0-b7b0-4eef-97e1-aa39518b5def"},"value":"#"},{"element":{"id":"8495b57c-8c5d-460d-b655-3ff1206eeb36"},"value":"Neque porro quisquam est, qui dolorem ipsum quia dolor sit amet, consectetur, adipisci velit, sed quia non numquam eius modi tempora."},{"components":[],"element":{"id":"71ea144b-c116-488d-9169-66f675a85133"},"value":"<h2>Praesent in mauris eu tortor porttitor accumsan</h2>\n<p>Etiam dui sem, fermentum vitae, sagittis id, malesuada in, quam. Nulla non arcu lacinia neque faucibus fringilla. Sed ac dolor sit amet purus malesuada congue. Nullam at arcu a est sollicitudin euismod. Etiam posuere lacus quis dolor. Et harum quidem rerum facilis est et expedita distinctio. Praesent in mauris eu tortor porttitor accumsan. In sem justo, commodo ut, suscipit at, pharetra vitae, orci. Integer vulputate sem a nibh rutrum consequat. Ut tempus purus at lorem. Proin pede metus, vulputate nec, fermentum fringilla, vehicula vitae, justo. Sed elit dui, pellentesque a, faucibus vel, interdum nec, diam. Aliquam erat volutpat.</p>"},{"element":{"id":"f8d3daa9-1e57-429a-9623-cab1974b2dcf"},"value":[{"id":"695e1731-434b-46d6-b36b-bb8048afa058"}]}],"workflow_step":{"id":"c199950d-99f0-4983-b711-6c4c91624b22"},"item":{"id":"245f35aa-26d3-4c46-9f8c-cee84fdae59b"},"language":{"id":"00000000-0000-0000-0000-000000000000"},"last_modified":"2019-05-10T12:15:41.6536477Z"},{"elements":[{"element":{"id":"3f5900cc-06ce-48f2-915e-378036ec2fe5"},"value":"Nullam at arcu"},{"mode":"custom","element":{"id":"89c5d9a0-b7b0-4eef-97e1-aa39518b5def"},"value":"#"},{"element":{"id":"8495b57c-8c5d-460d-b655-3ff1206eeb36"},"value":"Nulla quis diam. Mauris dictum facilisis augue. Donec quis nibh at felis congue commodo. Suspendisse sagittis ultrices augue."},{"components":[],"element":{"id":"71ea144b-c116-488d-9169-66f675a85133"},"value":"<h2>Nulla non arcu lacinia neque faucibus fringilla</h2>\n<p>Itaque earum rerum hic tenetur a sapiente delectus, ut aut reiciendis voluptatibus maiores alias consequatur aut perferendis doloribus asperiores repellat. Fusce aliquam vestibulum ipsum. Mauris tincidunt sem sed arcu. Nullam eget nisl. Duis viverra diam non justo. Duis risus. Aenean placerat. Phasellus enim erat, vestibulum vel, aliquam a, posuere eu, velit. Suspendisse sagittis ultrices augue.</p>"},{"element":{"id":"f8d3daa9-1e57-429a-9623-cab1974b2dcf"},"value":[{"id":"a1036ec9-f927-43f5-a15d-c0a9d2b0179b"}]}],"workflow_step":{"id":"c199950d-99f0-4983-b711-6c4c91624b22"},"item":{"id":"880fbeb2-9002-434a-9147-175523523f41"},"language":{"id":"00000000-0000-0000-0000-000000000000"},"last_modified":"2019-05-10T12:15:56.3401122Z"},{"elements":[{"element":{"id":"f7b8a5d1-2f05-50cc-8530-8a03470c1217"},"value":"target.email@localhost.local"},{"element":{"id":"7b22df2b-e087-5dc4-874d-8d9ffe7bc11b"},"value":"Submit"},{"element":{"id":"d26deaa9-4017-5e4d-a3b0-b616496c0835"},"value":"Name"},{"element":{"id":"1fc701ad-218e-50a9-9e89-743dae20839f"},"value":"Contact us"},{"element":{"id":"4a7dd64e-d0f0-5407-8d69-474718c8b208"},"value":"Feel free to ask anything"},{"element":{"id":"ddbcea39-72f9-53dc-b573-f8fc7f9a0482"},"value":""},{"element":{"id":"e7bb9ba4-40c0-511b-bd0d-35ad5fb9d6b7"},"value":"Email"},{"element":{"id":"58fafcd7-12ba-55ab-9b00-4a2f439685f7"},"value":"Message"}],"workflow_step":{"id":"c199950d-99f0-4983-b711-6c4c91624b22"},"item":{"id":"39522030-c671-4b26-972e-86c9478fbb9c"},"language":{"id":"00000000-0000-0000-0000-000000000000"},"last_modified":"2019-05-03T11:12:25.0776106Z"},{"elements":[{"element":{"id":"da1db290-8528-517a-9012-af7bd5883d57"},"value":[{"id":"64809969-807e-4aea-bd72-3cd4f3d8f970"},{"id":"29f8cf69-6038-4f20-9e57-0d26e6953f1f"},{"id":"836c7276-0e56-4380-bcf8-6fbeeeac5edd"},{"id":"7bdc0c18-9090-4841-899d-b4fa7de8ddb0"},{"id":"c7ce5b59-15ff-474c-8835-553fa9748833"}]},{"components":[],"element":{"id":"fea96e30-70c2-43f3-b325-41b9033621b4"},"value":"<p>© Untitled Design based on <a href=\"https://www.gatsbyjs.org/starters/codebushi/gatsby-starter-photon/\" data-new-window=\"true\">Gatsby Starter Photon</a> (<a href=\"http://html5up.net/\" data-new-window=\"true\">HTML5 UP</a>)</p>\n<p><br/></p>"}],"workflow_step":{"id":"c199950d-99f0-4983-b711-6c4c91624b22"},"item":{"id":"70bc27d6-0d36-4700-bced-de425bef34ba"},"language":{"id":"00000000-0000-0000-0000-000000000000"},"last_modified":"2019-10-31T12:50:25.4697573Z"},{"elements":[{"element":{"id":"12296f18-2317-5eb2-b05c-940180121d78"},"value":"Proin mattis lacinia justo. Aenean fermentum risus id tortor. Vivamus ac leo pretium faucibus. Nemo enim ipsam voluptatem quia voluptas sit aspernatur aut odit aut fugit, sed quia consequuntur magni dolores eos qui ratione voluptatem sequi nesciunt. Pellentesque sapien. Etiam commodo dui eget wisi. Vestibulum fermentum tortor id mi. Nullam justo enim, consectetuer nec, ullamcorper ac, vestibulum in, elit. Fusce consectetuer risus a nunc. Etiam dictum tincidunt diam. Maecenas lorem. Etiam dui sem, fermentum vitae, sagittis id, malesuada in, quam. Integer pellentesque quam vel velit."},{"element":{"id":"472009d0-3374-5aa7-a262-8e7bfabb0e86"},"value":"U5_H9cD17gA"},{"element":{"id":"7fdc71f3-cd0f-5b64-ac5e-66d644252c95"},"value":"Lorem ipsum dolor sit amet, consectetuer adipiscing elit."}],"workflow_step":{"id":"c199950d-99f0-4983-b711-6c4c91624b22"},"item":{"id":"f17a987e-e257-4945-a5ee-4c5fb7eacc12"},"language":{"id":"00000000-0000-0000-0000-000000000000"},"last_modified":"2019-05-03T11:58:42.3186822Z"},{"elements":[{"element":{"id":"5531f1de-a8a0-4f72-a60c-7c64e039ed5f"},"value":"Twitter"},{"element":{"id":"b19508eb-d1fa-4a0f-b877-d46dad39223c"},"value":"https://twitter.com/kenticocloud"},{"element":{"id":"a4623883-ae31-4379-a78a-fd9caa9b41e2"},"value":[{"id":"f7b13930-c8e6-4201-b8ee-24e0f92633a1"}]}],"workflow_step":{"id":"c199950d-99f0-4983-b711-6c4c91624b22"},"item":{"id":"64809969-807e-4aea-bd72-3cd4f3d8f970"},"language":{"id":"00000000-0000-0000-0000-000000000000"},"last_modified":"2019-05-10T11:27:54.4409682Z"},{"elements":[{"element":{"id":"5531f1de-a8a0-4f72-a60c-7c64e039ed5f"},"value":"Facebook"},{"element":{"id":"b19508eb-d1fa-4a0f-b877-d46dad39223c"},"value":"https://www.facebook.com/kenticokontent/"},{"element":{"id":"a4623883-ae31-4379-a78a-fd9caa9b41e2"},"value":[{"id":"6d2e6e8b-0849-433f-b0e8-42ed45e10c41"}]}],"workflow_step":{"id":"c199950d-99f0-4983-b711-6c4c91624b22"},"item":{"id":"29f8cf69-6038-4f20-9e57-0d26e6953f1f"},"language":{"id":"00000000-0000-0000-0000-000000000000"},"last_modified":"2019-10-31T12:52:53.6121178Z"},{"elements":[{"element":{"id":"5531f1de-a8a0-4f72-a60c-7c64e039ed5f"},"value":"Instagram"},{"element":{"id":"b19508eb-d1fa-4a0f-b877-d46dad39223c"},"value":"https://www.instagram.com/kentico_/"},{"element":{"id":"a4623883-ae31-4379-a78a-fd9caa9b41e2"},"value":[{"id":"21824cb4-ea51-46b6-9955-b35b1aa550d0"}]}],"workflow_step":{"id":"c199950d-99f0-4983-b711-6c4c91624b22"},"item":{"id":"836c7276-0e56-4380-bcf8-6fbeeeac5edd"},"language":{"id":"00000000-0000-0000-0000-000000000000"},"last_modified":"2019-05-10T11:31:14.8138673Z"},{"elements":[{"element":{"id":"5531f1de-a8a0-4f72-a60c-7c64e039ed5f"},"value":""},{"element":{"id":"b19508eb-d1fa-4a0f-b877-d46dad39223c"},"value":"https://github.com/Kentico"},{"element":{"id":"a4623883-ae31-4379-a78a-fd9caa9b41e2"},"value":[{"id":"68eae61e-7449-4e70-8205-e365bc7ac22d"}]}],"workflow_step":{"id":"c199950d-99f0-4983-b711-6c4c91624b22"},"item":{"id":"7bdc0c18-9090-4841-899d-b4fa7de8ddb0"},"language":{"id":"00000000-0000-0000-0000-000000000000"},"last_modified":"2019-05-10T11:31:51.8863581Z"},{"elements":[{"element":{"id":"5531f1de-a8a0-4f72-a60c-7c64e039ed5f"},"value":"Email"},{"element":{"id":"b19508eb-d1fa-4a0f-b877-d46dad39223c"},"value":"mailto:devrel@kentico.com"},{"element":{"id":"a4623883-ae31-4379-a78a-fd9caa9b41e2"},"value":[{"id":"0a9b54b2-b337-4505-b696-930e2fca27c5"}]}],"workflow_step":{"id":"c199950d-99f0-4983-b711-6c4c91624b22"},"item":{"id":"c7ce5b59-15ff-474c-8835-553fa9748833"},"language":{"id":"00000000-0000-0000-0000-000000000000"},"last_modified":"2019-10-31T12:51:12.7722947Z"},{"elements":[{"element":{"id":"4b2e03d2-9fa4-4203-83a4-e0265c36b736"},"value":"Sign Up"},{"element":{"id":"6d99794f-7685-4ae7-909f-5f1bcd2dcf55"},"value":"#"},{"element":{"id":"7b1e8ad8-3f0f-444a-b905-0f9e481e3e09"},"value":[{"id":"a1be9919-0913-49e9-b886-09d073e6f455"}]}],"workflow_step":{"id":"c199950d-99f0-4983-b711-6c4c91624b22"},"item":{"id":"0c2c70ed-1eb5-4e69-975d-0b4a7b1572c9"},"language":{"id":"00000000-0000-0000-0000-000000000000"},"last_modified":"2019-05-10T10:53:30.3904144Z"},{"elements":[{"element":{"id":"4b2e03d2-9fa4-4203-83a4-e0265c36b736"},"value":"Learn more"},{"element":{"id":"6d99794f-7685-4ae7-909f-5f1bcd2dcf55"},"value":"#"},{"element":{"id":"7b1e8ad8-3f0f-444a-b905-0f9e481e3e09"},"value":[]}],"workflow_step":{"id":"c199950d-99f0-4983-b711-6c4c91624b22"},"item":{"id":"22e3da1c-7dc8-4aff-bd62-cb217ead02fa"},"language":{"id":"00000000-0000-0000-0000-000000000000"},"last_modified":"2019-05-10T10:53:56.057244Z"},{"elements":[{"element":{"id":"b9819451-738e-51af-9c66-8623825aa12c"},"value":"Kentico Kontent and GatsbyJs web template based on Photon template"},{"element":{"id":"be12b47c-3ec5-5dcf-a9ec-9a75881b059e"},"value":"Kentico Kontent & GatsbyJs"},{"element":{"id":"a7474fd6-0520-53e7-ae91-010add45c06f"},"value":"Discover"},{"element":{"id":"7412a39f-d7ae-50e1-99fb-01b16209450c"},"value":"#video_section"},{"element":{"id":"3aca56cb-5334-5f45-9ae7-aef41e8f3a5b"},"value":[{"id":"30eb2aa7-2765-4fa5-a3f3-7182d0c441c3"}]}],"workflow_step":{"id":"c199950d-99f0-4983-b711-6c4c91624b22"},"item":{"id":"16df1b14-df78-4b21-8917-89e29e883aae"},"language":{"id":"00000000-0000-0000-0000-000000000000"},"last_modified":"2019-10-31T12:47:00.5245471Z"},{"elements":[{"element":{"id":"675e98a7-4d06-54ae-9530-d7266c942f9c"},"value":""},{"element":{"id":"6a001bc9-2680-5c94-bc39-27427aad1bcc"},"value":"fa-code"}],"workflow_step":{"id":"c199950d-99f0-4983-b711-6c4c91624b22"},"item":{"id":"e3006c5c-25c8-4cb2-b3c6-acd3a6b26945"},"language":{"id":"00000000-0000-0000-0000-000000000000"},"last_modified":"2019-05-10T09:23:12.3208703Z"},{"elements":[{"element":{"id":"675e98a7-4d06-54ae-9530-d7266c942f9c"},"value":""},{"element":{"id":"6a001bc9-2680-5c94-bc39-27427aad1bcc"},"value":"fa-bolt"}],"workflow_step":{"id":"c199950d-99f0-4983-b711-6c4c91624b22"},"item":{"id":"465eac28-8064-4865-acba-e33e5bd167d4"},"language":{"id":"00000000-0000-0000-0000-000000000000"},"last_modified":"2019-05-10T09:24:03.9887794Z"},{"elements":[{"element":{"id":"675e98a7-4d06-54ae-9530-d7266c942f9c"},"value":""},{"element":{"id":"6a001bc9-2680-5c94-bc39-27427aad1bcc"},"value":"fa-camera-retro"}],"workflow_step":{"id":"c199950d-99f0-4983-b711-6c4c91624b22"},"item":{"id":"9d6278d8-7ccb-4a43-acf5-9356487fabfc"},"language":{"id":"00000000-0000-0000-0000-000000000000"},"last_modified":"2019-05-10T09:24:29.2112843Z"},{"elements":[{"element":{"id":"675e98a7-4d06-54ae-9530-d7266c942f9c"},"value":""},{"element":{"id":"6a001bc9-2680-5c94-bc39-27427aad1bcc"},"value":"fa-cog"}],"workflow_step":{"id":"c199950d-99f0-4983-b711-6c4c91624b22"},"item":{"id":"f5004f6b-9fc4-48f5-aca4-6ac20a3122fd"},"language":{"id":"00000000-0000-0000-0000-000000000000"},"last_modified":"2019-05-10T09:24:55.0229178Z"},{"elements":[{"element":{"id":"675e98a7-4d06-54ae-9530-d7266c942f9c"},"value":""},{"element":{"id":"6a001bc9-2680-5c94-bc39-27427aad1bcc"},"value":"fa-desktop"}],"workflow_step":{"id":"c199950d-99f0-4983-b711-6c4c91624b22"},"item":{"id":"77ad55a2-898a-4dbe-9ab1-11d351885934"},"language":{"id":"00000000-0000-0000-0000-000000000000"},"last_modified":"2019-05-10T09:26:02.2927222Z"},{"elements":[{"element":{"id":"675e98a7-4d06-54ae-9530-d7266c942f9c"},"value":""},{"element":{"id":"6a001bc9-2680-5c94-bc39-27427aad1bcc"},"value":"fa-calendar"}],"workflow_step":{"id":"c199950d-99f0-4983-b711-6c4c91624b22"},"item":{"id":"d28a06d7-4a37-4869-ae63-b6ab3aec2e58"},"language":{"id":"00000000-0000-0000-0000-000000000000"},"last_modified":"2019-05-10T09:26:46.8843286Z"},{"elements":[{"element":{"id":"675e98a7-4d06-54ae-9530-d7266c942f9c"},"value":""},{"element":{"id":"6a001bc9-2680-5c94-bc39-27427aad1bcc"},"value":"fa-twitter"}],"workflow_step":{"id":"c199950d-99f0-4983-b711-6c4c91624b22"},"item":{"id":"f7b13930-c8e6-4201-b8ee-24e0f92633a1"},"language":{"id":"00000000-0000-0000-0000-000000000000"},"last_modified":"2019-05-10T11:28:03.2222291Z"},{"elements":[{"element":{"id":"675e98a7-4d06-54ae-9530-d7266c942f9c"},"value":""},{"element":{"id":"6a001bc9-2680-5c94-bc39-27427aad1bcc"},"value":"fa-facebook"}],"workflow_step":{"id":"c199950d-99f0-4983-b711-6c4c91624b22"},"item":{"id":"6d2e6e8b-0849-433f-b0e8-42ed45e10c41"},"language":{"id":"00000000-0000-0000-0000-000000000000"},"last_modified":"2019-05-10T11:29:07.5955168Z"},{"elements":[{"element":{"id":"675e98a7-4d06-54ae-9530-d7266c942f9c"},"value":""},{"element":{"id":"6a001bc9-2680-5c94-bc39-27427aad1bcc"},"value":"fa-instagram"}],"workflow_step":{"id":"c199950d-99f0-4983-b711-6c4c91624b22"},"item":{"id":"21824cb4-ea51-46b6-9955-b35b1aa550d0"},"language":{"id":"00000000-0000-0000-0000-000000000000"},"last_modified":"2019-05-10T11:31:31.211088Z"},{"elements":[{"element":{"id":"675e98a7-4d06-54ae-9530-d7266c942f9c"},"value":""},{"element":{"id":"6a001bc9-2680-5c94-bc39-27427aad1bcc"},"value":"fa-github"}],"workflow_step":{"id":"c199950d-99f0-4983-b711-6c4c91624b22"},"item":{"id":"68eae61e-7449-4e70-8205-e365bc7ac22d"},"language":{"id":"00000000-0000-0000-0000-000000000000"},"last_modified":"2019-05-10T11:32:11.4903537Z"},{"elements":[{"element":{"id":"675e98a7-4d06-54ae-9530-d7266c942f9c"},"value":""},{"element":{"id":"6a001bc9-2680-5c94-bc39-27427aad1bcc"},"value":"fa-envelope"}],"workflow_step":{"id":"c199950d-99f0-4983-b711-6c4c91624b22"},"item":{"id":"0a9b54b2-b337-4505-b696-930e2fca27c5"},"language":{"id":"00000000-0000-0000-0000-000000000000"},"last_modified":"2019-05-10T11:33:03.6834217Z"},{"elements":[{"element":{"id":"9f747ee6-b1da-569c-aa9a-382d19546607"},"value":[{"id":"16df1b14-df78-4b21-8917-89e29e883aae"},{"id":"b8fcf086-7b93-48ba-b3e7-44e6c496f36a"},{"id":"0bb1c266-fd4b-48b6-aea0-66ab64d5f452"},{"id":"033ec1fd-43de-4862-bbab-7c4a46ce7009"},{"id":"70bc27d6-0d36-4700-bced-de425bef34ba"},{"id":"f17a987e-e257-4945-a5ee-4c5fb7eacc12"}]}],"workflow_step":{"id":"c199950d-99f0-4983-b711-6c4c91624b22"},"item":{"id":"6815c75c-56ac-49e0-acb5-3a2645a8479d"},"language":{"id":"00000000-0000-0000-0000-000000000000"},"last_modified":"2020-04-09T15:48:14.2399554Z"}]